dept_name,sales,ctype,wk_date
Refrigerators,2967649.569999997,actuals,2022-12-16
Washers,2846582.6299999985,actuals,2022-12-23
Dryers,1556471.5399999996,actuals,2022-12-23
Ranges,2747982.750000001,actuals,2022-12-23
Microwaves,2698126.2000000007,actuals,2022-12-23
Wall Ovens,3322448.679999999,actuals,2022-12-23
Dishwashers,2204243.100000001,actuals,2022-12-23
Cooktops,4647997.519999997,actuals,2022-12-23
Refrigerators,5028104.79,actuals,2022-12-23
Hoods,1733834.9699999995,actuals,2022-12-23
Freezers,1332252.7699999989,actuals,2022-12-23
Dishwashers,1881964.720000001,actuals,2022-12-30
Refrigerators,2665205.1799999983,actuals,2022-12-30
Cooktops,2914599.5499999984,actuals,2022-12-30
Washers,1797200.910000001,actuals,2022-12-30
Dryers,1161792.29,actuals,2022-12-30
Ranges,1916945.6599999983,actuals,2022-12-30
Wall Ovens,2485110.9299999992,actuals,2022-12-30
Hoods,1244924.6299999997,actuals,2022-12-30
Microwaves,2514156.5000000005,actuals,2022-12-30
Freezers,1178176.33,actuals,2022-12-30
Cooktops,3862416.790000003,actuals,2023-01-06
Dryers,1682066.9200000004,actuals,2023-01-06
Dishwashers,2241109.210000002,actuals,2023-01-06
Hoods,1326346.7099999995,actuals,2023-01-06
Wall Ovens,3059249.38,actuals,2023-01-06
Refrigerators,1767184.0800000012,actuals,2023-01-06
Microwaves,3110692.2099999986,actuals,2023-01-06
Washers,1936413.7100000004,actuals,2023-01-06
Ranges,2274279.8600000003,actuals,2023-01-06
Freezers,1437179.0400000007,actuals,2023-01-06
Cooktops,3746489.07,actuals,2023-01-13
Wall Ovens,2926984.66,actuals,2023-01-13
Washers,1852848.9199999983,actuals,2023-01-13
Ranges,2191304.4899999998,actuals,2023-01-13
Dryers,1642329.0099999993,actuals,2023-01-13
Dishwashers,2124902.5700000017,actuals,2023-01-13
Hoods,1289438.38,actuals,2023-01-13
Refrigerators,1672350.899999999,actuals,2023-01-13
Microwaves,3048915.219999999,actuals,2023-01-13
Freezers,1317409.4299999997,actuals,2023-01-13
Dishwashers,2116767.619999999,actuals,2023-01-20
Dryers,1590982.85,actuals,2023-01-20
Refrigerators,1805209.450000001,actuals,2023-01-20
Cooktops,3613365.95,actuals,2023-01-20
Wall Ovens,2958740.8099999987,actuals,2023-01-20
Freezers,1318835.6299999992,actuals,2023-01-20
Hoods,1320067.53,actuals,2023-01-20
Ranges,2179965.35,actuals,2023-01-20
Microwaves,2835067.850000001,actuals,2023-01-20
Washers,1867059.8899999987,actuals,2023-01-20
Dishwashers,2001857.1999999983,actuals,2023-01-27
Hoods,1251658.2,actuals,2023-01-27
Microwaves,2887702.3299999977,actuals,2023-01-27
Washers,1730179.8500000008,actuals,2023-01-27
Refrigerators,1789460.6599999997,actuals,2023-01-27
Wall Ovens,2773665.3,actuals,2023-01-27
Freezers,1210821.0299999996,actuals,2023-01-27
Dryers,1446032.930000001,actuals,2023-01-27
Cooktops,3313512.399999997,actuals,2023-01-27
Ranges,2037988.1699999988,actuals,2023-01-27
Ranges,2229493.39,actuals,2023-02-03
Refrigerators,2548988.1199999982,actuals,2023-02-03
Dishwashers,2192252.309999999,actuals,2023-02-03
Hoods,1417157.719999999,actuals,2023-02-03
Wall Ovens,3066161.2899999977,actuals,2023-02-03
Washers,1995274.0499999996,actuals,2023-02-03
Microwaves,3121192.9599999995,actuals,2023-02-03
Cooktops,3746408.7200000025,actuals,2023-02-03
Freezers,1381251.2900000005,actuals,2023-02-03
Dryers,1660745.6800000009,actuals,2023-02-03
Hoods,1403521.2100000002,actuals,2023-02-10
Wall Ovens,3161814.7200000016,actuals,2023-02-10
Dryers,1752918.0200000005,actuals,2023-02-10
Refrigerators,3234457.9000000022,actuals,2023-02-10
Washers,2037945.8600000013,actuals,2023-02-10
Freezers,1391368.419999999,actuals,2023-02-10
Microwaves,2972930.7699999986,actuals,2023-02-10
Cooktops,3910737.1799999992,actuals,2023-02-10
Ranges,2261271.45,actuals,2023-02-10
Hoods,1364216.22,actuals,2023-02-17
Dryers,1583235.1700000006,actuals,2023-02-17
Washers,1976676.2199999995,actuals,2023-02-17
Refrigerators,2748184.1900000004,actuals,2023-02-17
Dishwashers,2136070.999999998,actuals,2023-02-17
Cooktops,3627632.690000002,actuals,2023-02-17
Ranges,2139259.1699999995,actuals,2023-02-17
Wall Ovens,2954428.45,actuals,2023-02-17
Freezers,1323643.8400000003,actuals,2023-02-17
Microwaves,2974062.8200000003,actuals,2023-02-17
Cooktops,3476677.5200000014,actuals,2023-02-24
Refrigerators,2430785.41,actuals,2023-02-24
Dryers,1524141.56,actuals,2023-02-24
Washers,2046897.030000001,actuals,2023-02-24
Dishwashers,2173879.809999998,actuals,2023-02-24
Wall Ovens,2963563.8200000026,actuals,2023-02-24
Hoods,1393394.1100000013,actuals,2023-02-24
Microwaves,2787724.430000002,actuals,2023-02-24
Freezers,1399372.0000000012,actuals,2023-02-24
Ranges,2104007.959999998,actuals,2023-02-24
Cooktops,3603681.270000001,actuals,2023-03-02
Dishwashers,2227096.1900000023,actuals,2023-03-02
Dryers,1575192.0300000012,actuals,2023-03-02
Hoods,1419253.8599999996,actuals,2023-03-02
Washers,2057833.09,actuals,2023-03-02
Refrigerators,2309221.67,actuals,2023-03-02
Microwaves,3128520.249999997,actuals,2023-03-02
Wall Ovens,3032242.47,actuals,2023-03-02
Freezers,1439392.0000000007,actuals,2023-03-02
Ranges,2139224.4199999985,actuals,2023-03-02
Hoods,1405097.529999999,actuals,2023-03-09
Cooktops,3841342.249999999,actuals,2023-03-09
Wall Ovens,3225771.060000001,actuals,2023-03-09
Washers,2040874.9899999984,actuals,2023-03-09
Microwaves,2983339.910000001,actuals,2023-03-09
Ranges,2210386.5200000014,actuals,2023-03-09
Dryers,1702872.4800000002,actuals,2023-03-09
Freezers,1407645.7699999998,actuals,2023-03-09
Refrigerators,2080139.1700000009,actuals,2023-03-09
Cooktops,3562833.729999998,actuals,2023-03-16
Hoods,1355110.97,actuals,2023-03-16
Washers,1974819.0199999984,actuals,2023-03-16
Freezers,1375568.4299999997,actuals,2023-03-16
Dishwashers,2140228.839999998,actuals,2023-03-16
Refrigerators,2059628.930000001,actuals,2023-03-16
Ranges,2132665.9599999995,actuals,2023-03-16
Dryers,1582847.83,actuals,2023-03-16
Wall Ovens,3168037.2499999995,actuals,2023-03-16
Microwaves,2880025.9599999986,actuals,2023-03-16
Cooktops,3246339.720000002,actuals,2023-03-23
Hoods,1334346.88,actuals,2023-03-23
Washers,1910885.630000001,actuals,2023-03-23
Freezers,1345261.6799999997,actuals,2023-03-23
Ranges,1984775.4800000011,actuals,2023-03-23
Refrigerators,1710130.9399999997,actuals,2023-03-23
Dryers,1435878.7899999998,actuals,2023-03-23
Microwaves,2900676.860000002,actuals,2023-03-23
Wall Ovens,2984946.7599999984,actuals,2023-03-23
Dishwashers,2075683.8099999984,actuals,2023-03-23
Washers,1920718.83,actuals,2023-03-30
Freezers,1344799.7100000004,actuals,2023-03-30
Cooktops,3198482.2199999983,actuals,2023-03-30
Hoods,1353982.58,actuals,2023-03-30
Dishwashers,2077302.8900000008,actuals,2023-03-30
Wall Ovens,3036695.2400000007,actuals,2023-03-30
Ranges,1977207.2699999996,actuals,2023-03-30
Microwaves,2944016.090000001,actuals,2023-03-30
Refrigerators,1615556.5199999996,actuals,2023-03-30
Dryers,1439058.0999999996,actuals,2023-03-30
Freezers,1445925.4700000011,actuals,2023-04-06
Cooktops,3961282.389999999,actuals,2023-04-06
Hoods,1471928.71,actuals,2023-04-06
Wall Ovens,3407441.81,actuals,2023-04-06
Washers,2097789.349999999,actuals,2023-04-06
Ranges,2354364.0700000003,actuals,2023-04-06
Microwaves,3081965.270000003,actuals,2023-04-06
Refrigerators,1815304.8800000008,actuals,2023-04-06
Dishwashers,2171153.2500000005,actuals,2023-04-06
Freezers,1287435.07,actuals,2023-04-13
Cooktops,3418386.55,actuals,2023-04-13
Ranges,2055286.5399999989,actuals,2023-04-13
Washers,1878746.160000001,actuals,2023-04-13
Dishwashers,2008446.4100000008,actuals,2023-04-13
Microwaves,2898806.6999999983,actuals,2023-04-13
Dryers,1506578.86,actuals,2023-04-13
Refrigerators,1705745.329999999,actuals,2023-04-13
Refrigerators,3372690.55,actuals,2021-02-05
Freezers,1522916.769999999,actuals,2021-02-05
Washers,1997831.8900000008,actuals,2021-02-05
Wall Ovens,3170529.930000003,actuals,2021-02-05
Dishwashers,2238389.819999999,actuals,2021-02-05
Hoods,1527438.1699999988,actuals,2021-02-05
Cooktops,3781162.87,actuals,2021-02-05
Microwaves,3022955.049999999,actuals,2021-02-05
Refrigerators,3102766.890000003,actuals,2021-02-12
Wall Ovens,2976149.3099999977,actuals,2021-02-12
Washers,1839217.77,actuals,2021-02-12
Freezers,1327494.6299999994,actuals,2021-02-12
Dryers,1603013.1900000016,actuals,2021-02-12
Microwaves,2686547.5200000005,actuals,2021-02-12
Dishwashers,2037203.29,actuals,2021-02-12
Washers,1961685.93,actuals,2021-02-19
Freezers,1412757.9800000002,actuals,2021-02-19
Hoods,1414318.210000001,actuals,2021-02-19
Wall Ovens,2814037.7900000024,actuals,2021-02-19
Dishwashers,2163829.9499999997,actuals,2021-02-19
Microwaves,2712708.649999999,actuals,2021-02-19
Dryers,1546117.670000001,actuals,2021-02-19
Cooktops,3204210.06,actuals,2021-02-26
Refrigerators,2571982.430000002,actuals,2021-02-26
Ranges,1935114.730000001,actuals,2021-02-26
Washers,1859531.5800000003,actuals,2021-02-26
Freezers,1382123.9800000002,actuals,2021-02-26
Microwaves,2757264.389999998,actuals,2021-02-26
Wall Ovens,2789412.1299999985,actuals,2021-02-26
Dryers,1486244.1900000002,actuals,2021-02-26
Dishwashers,2084986.2900000005,actuals,2021-02-26
Refrigerators,2643457.819999997,actuals,2021-03-05
Freezers,1488750.3299999991,actuals,2021-03-05
Cooktops,3480725.209999999,actuals,2021-03-05
Wall Ovens,2994339.240000001,actuals,2021-03-05
Dishwashers,2224907.260000001,actuals,2021-03-05
Dryers,1607815.5699999994,actuals,2021-03-05
Washers,1957870.8200000003,actuals,2021-03-05
Hoods,1454252.0900000003,actuals,2021-03-05
Cooktops,3345276.5599999977,actuals,2021-03-12
Ranges,1973978.4399999983,actuals,2021-03-12
Microwaves,2929479.0800000005,actuals,2021-03-12
Freezers,1404792.9799999995,actuals,2021-03-12
Refrigerators,2268713.390000001,actuals,2021-03-12
Washers,1908498.1699999988,actuals,2021-03-12
Wall Ovens,2992259.26,actuals,2021-03-12
Dishwashers,2111864.879999999,actuals,2021-03-12
Dryers,1576412.539999999,actuals,2021-03-12
Hoods,1379196.6899999988,actuals,2021-03-12
Ranges,1900357.1199999992,actuals,2021-03-19
Cooktops,3102759.530000002,actuals,2021-03-19
Washers,1848039.7800000005,actuals,2021-03-19
Microwaves,2630196.76,actuals,2021-03-19
Hoods,1338430.6799999992,actuals,2021-03-19
Dishwashers,2027010.7699999984,actuals,2021-03-19
Refrigerators,1976238.3699999987,actuals,2021-03-19
Dryers,1487593.810000001,actuals,2021-03-19
Wall Ovens,3003945.310000001,actuals,2021-03-19
Washers,1826143.299999999,actuals,2021-03-26
Hoods,1326997.8400000003,actuals,2021-03-26
Cooktops,2976519.3900000025,actuals,2021-03-26
Freezers,1324087.250000001,actuals,2021-03-26
Ranges,1850435.670000001,actuals,2021-03-26
Refrigerators,1820919.129999999,actuals,2021-03-26
Wall Ovens,2875842.5600000024,actuals,2021-03-26
Dishwashers,2017004.530000001,actuals,2021-03-26
Dryers,1396431.7700000007,actuals,2021-03-26
Refrigerators,1886308.45,actuals,2021-04-02
Microwaves,2818801.6699999976,actuals,2021-04-02
Ranges,2049993.260000001,actuals,2021-04-02
Freezers,1417911.0200000005,actuals,2021-04-02
Dryers,1493075.11,actuals,2021-04-02
Wall Ovens,3068370.1300000018,actuals,2021-04-02
Dishwashers,2066720.4999999995,actuals,2021-04-02
Ranges,1901908.419999999,actuals,2021-04-09
Hoods,1314310.4200000006,actuals,2021-04-09
Refrigerators,1796455.2699999989,actuals,2021-04-09
Microwaves,2820286.759999999,actuals,2021-04-09
Freezers,1362721.4299999992,actuals,2021-04-09
Dryers,1487677.9999999995,actuals,2021-04-09
Dishwashers,2008998.0300000005,actuals,2021-04-09
Wall Ovens,3040233.499999998,actuals,2021-04-09
Washers,1903127.5900000017,actuals,2021-04-09
Hoods,1346831.369999999,actuals,2021-04-16
Cooktops,3129901.299999999,actuals,2021-04-16
Microwaves,2751853.089999998,actuals,2021-04-16
Freezers,1440873.3499999996,actuals,2021-04-16
Refrigerators,1795511.12,actuals,2021-04-16
Washers,1960979.1999999983,actuals,2021-04-16
Wall Ovens,3257880.4899999984,actuals,2021-04-16
Microwaves,2630925.100000002,actuals,2021-04-23
Refrigerators,1795865.8799999994,actuals,2021-04-23
Ranges,1829736.670000001,actuals,2021-04-23
Wall Ovens,3154878.3599999994,actuals,2021-04-23
Hoods,1355240.6899999988,actuals,2021-04-23
Cooktops,3018434.740000002,actuals,2021-04-23
Dishwashers,2056127.5599999991,actuals,2021-04-23
Dryers,1461212.8300000003,actuals,2021-04-23
Washers,1949495.1800000009,actuals,2021-04-23
Freezers,1425313.6299999987,actuals,2021-04-23
Microwaves,2771378.4800000014,actuals,2021-04-30
Hoods,1347402.529999999,actuals,2021-04-30
Dryers,1390192.0400000005,actuals,2021-04-30
Ranges,1782057.9999999993,actuals,2021-04-30
Wall Ovens,3078708.389999998,actuals,2021-04-30
Freezers,1378498.550000001,actuals,2021-04-30
Washers,1888891.0400000005,actuals,2021-04-30
Cooktops,3372265.709999999,actuals,2021-05-07
Microwaves,2900280.5599999977,actuals,2021-05-07
Dryers,1622771.4500000016,actuals,2021-05-07
Dishwashers,2046845.0599999996,actuals,2021-05-07
Refrigerators,1738629.3699999996,actuals,2021-05-07
Ranges,1973270.700000001,actuals,2021-05-07
Hoods,1384003.5200000005,actuals,2021-05-07
Freezers,1444549.1299999992,actuals,2021-05-07
Wall Ovens,3434331.01,actuals,2021-05-07
Washers,1961636.980000001,actuals,2021-05-07
Cooktops,3077689.6899999995,actuals,2021-05-14
Dryers,1501562.1399999994,actuals,2021-05-14
Dishwashers,1939325.8999999987,actuals,2021-05-14
Microwaves,2703150.5200000023,actuals,2021-05-14
Refrigerators,1779914.8799999994,actuals,2021-05-14
Ranges,1839843.4299999988,actuals,2021-05-14
Wall Ovens,3172949.619999998,actuals,2021-05-14
Washers,1859488.5199999989,actuals,2021-05-14
Dishwashers,1973683.1299999985,actuals,2021-05-21
Hoods,1338354.6099999994,actuals,2021-05-21
Dryers,1470985.4900000007,actuals,2021-05-21
Ranges,1831636.9999999995,actuals,2021-05-21
Cooktops,3042953.100000002,actuals,2021-05-21
Freezers,1383652.3099999994,actuals,2021-05-21
Dryers,1389439.1200000006,actuals,2021-05-28
Hoods,1353399.1499999994,actuals,2021-05-28
Cooktops,2975270.1400000025,actuals,2021-05-28
Dishwashers,2003211.970000001,actuals,2021-05-28
Wall Ovens,3525218.280000002,actuals,2021-05-28
Ranges,1834385.0099999984,actuals,2021-05-28
Refrigerators,1602818.59,actuals,2021-05-28
Washers,1979840.8,actuals,2021-05-28
Freezers,1392704.6399999987,actuals,2021-05-28
Hoods,1367584.719999999,actuals,2021-06-04
Dishwashers,2021891.62,actuals,2021-06-04
Wall Ovens,3657150.699999997,actuals,2021-06-04
Refrigerators,1735485.2900000014,actuals,2021-06-04
Freezers,1484230.9699999995,actuals,2021-06-04
Microwaves,2513111.540000002,actuals,2021-06-04
Washers,2014908.2999999984,actuals,2021-06-04
Hoods,1342078.730000001,actuals,2021-06-11
Dryers,1627941.63,actuals,2021-06-11
Cooktops,3274477.4599999995,actuals,2021-06-11
Dishwashers,1990656.5500000007,actuals,2021-06-11
Refrigerators,1719120.7399999988,actuals,2021-06-11
Ranges,1942452.8300000012,actuals,2021-06-11
Microwaves,2659698.310000002,actuals,2021-06-11
Washers,2017306.6200000013,actuals,2021-06-11
Wall Ovens,3489470.140000003,actuals,2021-06-18
Dishwashers,1952819.68,actuals,2021-06-18
Dryers,1556008.2899999998,actuals,2021-06-18
Cooktops,3156757.1300000004,actuals,2021-06-18
Refrigerators,1896443.430000001,actuals,2021-06-18
Ranges,1909803.77,actuals,2021-06-18
Microwaves,2639517.549999999,actuals,2021-06-18
Freezers,1412281.680000001,actuals,2021-06-18
Washers,2026116.5499999984,actuals,2021-06-18
Refrigerators,1813531.3200000017,actuals,2021-06-25
Cooktops,2848190.9300000016,actuals,2021-06-25
Microwaves,2592592.350000001,actuals,2021-06-25
Hoods,1288956.829999999,actuals,2021-06-25
Dishwashers,1912704.1599999988,actuals,2021-06-25
Washers,1967652.4100000004,actuals,2021-06-25
Freezers,1354113.16,actuals,2021-06-25
Wall Ovens,3691101.39,actuals,2021-07-02
Ranges,1949441.6600000008,actuals,2021-07-02
Cooktops,3175442.7299999995,actuals,2021-07-02
Dryers,1486411.989999999,actuals,2021-07-02
Freezers,1481459.3600000013,actuals,2021-07-02
Dishwashers,2033284.2700000005,actuals,2021-07-02
Washers,2089116.7800000007,actuals,2021-07-02
Wall Ovens,3552124.99,actuals,2021-07-09
Dryers,1539664.489999999,actuals,2021-07-09
Washers,2010639.2699999984,actuals,2021-07-09
Freezers,1417512.9100000008,actuals,2021-07-09
Cooktops,3182434.800000001,actuals,2021-07-09
Microwaves,2537129.3399999994,actuals,2021-07-09
Refrigerators,1706874.850000001,actuals,2021-07-09
Hoods,1314125.9199999992,actuals,2021-07-16
Wall Ovens,3334475.620000002,actuals,2021-07-16
Dryers,1544845.6200000008,actuals,2021-07-16
Washers,2075141.2400000007,actuals,2021-07-16
Dishwashers,1972843.77,actuals,2021-07-16
Freezers,1459710.3699999994,actuals,2021-07-16
Microwaves,2638804.819999998,actuals,2021-07-16
Dryers,1372450.900000001,actuals,2021-07-30
Hoods,1322953.69,actuals,2021-07-30
Wall Ovens,3166773.7399999998,actuals,2021-07-30
Cooktops,2836367.6,actuals,2021-07-30
Freezers,1402854.939999999,actuals,2021-07-30
Refrigerators,1948298.7400000007,actuals,2021-07-30
Dryers,1607342.620000001,actuals,2021-08-06
Hoods,1368327.62,actuals,2021-08-06
Dishwashers,1974635.6500000015,actuals,2021-08-06
Wall Ovens,3487806.029999997,actuals,2021-08-06
Cooktops,3165111.0999999978,actuals,2021-04-09
Microwaves,2754226.0700000008,actuals,2021-08-06
Freezers,1482528.68,actuals,2021-08-06
Ranges,1995126.970000001,actuals,2021-08-06
Washers,2120901.47,actuals,2021-08-06
Refrigerators,1931718.08,actuals,2021-08-06
Cooktops,3357270.689999998,actuals,2021-08-06
Dryers,1537173.4600000014,actuals,2021-08-13
Microwaves,2584814.9199999995,actuals,2021-08-13
Wall Ovens,3387101.2,actuals,2021-08-13
Washers,2082299.8500000013,actuals,2021-08-13
Refrigerators,1884355.049999999,actuals,2021-08-13
Hoods,1286773.739999999,actuals,2021-08-20
Wall Ovens,3298196.129999998,actuals,2021-08-20
Dryers,1472592.0199999998,actuals,2021-08-20
Dishwashers,1948963.6000000008,actuals,2021-08-20
Refrigerators,2152192.439999998,actuals,2021-08-20
Washers,2150558.539999999,actuals,2021-08-20
Dryers,1380271.4399999997,actuals,2021-08-27
Microwaves,2565789.9799999995,actuals,2021-08-27
Cooktops,2999713.4600000004,actuals,2021-08-27
Freezers,1499807.2300000011,actuals,2021-08-27
Washers,2124944.950000001,actuals,2021-08-27
Refrigerators,2004339.739999999,actuals,2021-08-27
Hoods,1365197.9399999997,actuals,2021-09-03
Ranges,2000010.68,actuals,2021-09-03
Dryers,1509448.5099999986,actuals,2021-09-03
Dishwashers,2043436.530000001,actuals,2021-09-03
Wall Ovens,3398281.8200000008,actuals,2021-09-03
Microwaves,2761097.2800000017,actuals,2021-09-03
Refrigerators,2068354.85,actuals,2021-09-03
Cooktops,3294623.619999999,actuals,2021-09-03
Freezers,1578263.12,actuals,2021-09-03
Hoods,1322099.7200000002,actuals,2021-09-10
Dryers,1555012.9199999997,actuals,2021-09-10
Wall Ovens,3252360.7300000014,actuals,2021-09-10
Ranges,2034849.0500000012,actuals,2021-09-10
Refrigerators,1950600.3900000013,actuals,2021-09-10
Cooktops,3406660.549999999,actuals,2021-09-10
Washers,1991188.88,actuals,2021-09-10
Microwaves,2670667.4799999995,actuals,2021-09-17
Dryers,1497875.1900000002,actuals,2021-09-17
Dishwashers,1969406.550000002,actuals,2021-09-17
Wall Ovens,3060038.480000003,actuals,2021-09-17
Cooktops,3150518.9599999976,actuals,2021-09-17
Washers,1895427.15,actuals,2021-09-17
Dryers,1385932.2099999995,actuals,2021-09-24
Hoods,1292777.950000001,actuals,2021-09-24
Ranges,1823956.0100000012,actuals,2021-09-24
Microwaves,2629262.2500000005,actuals,2021-09-24
Freezers,1404852.3900000006,actuals,2021-09-24
Dishwashers,1952335.2800000007,actuals,2021-09-24
Refrigerators,1641309.6799999997,actuals,2021-09-24
Dryers,1390115.430000001,actuals,2021-10-01
Wall Ovens,2924164.350000001,actuals,2021-10-01
Microwaves,2757997.350000001,actuals,2021-10-01
Dishwashers,1963257.2699999984,actuals,2021-10-01
Freezers,1429491.62,actuals,2021-10-01
Ranges,1997690.8,actuals,2021-10-08
Hoods,1388995.9900000014,actuals,2021-10-08
Microwaves,2736790.640000001,actuals,2021-10-08
Washers,1922452.75,actuals,2021-10-08
Wall Ovens,3107008.690000002,actuals,2021-10-08
Cooktops,3451502.58,actuals,2021-10-08
Refrigerators,1677913.6199999996,actuals,2021-10-08
Dryers,1502078.8,actuals,2021-10-15
Hoods,1312057.3400000008,actuals,2021-10-15
Freezers,1373653.5399999998,actuals,2021-10-15
Ranges,1862982.580000001,actuals,2021-10-22
Hoods,1340445.7600000005,actuals,2021-10-22
Refrigerators,1652782.8900000004,actuals,2021-10-22
Dishwashers,1967329.4999999984,actuals,2021-10-22
Hoods,1338872.3300000008,actuals,2021-10-29
Dryers,1327794.289999999,actuals,2021-10-29
Washers,1817791.939999999,actuals,2021-10-29
Dishwashers,1926810.1800000004,actuals,2021-10-29
Wall Ovens,2811301.7,actuals,2021-10-29
Freezers,1354273.92,actuals,2021-10-29
Ranges,1992591.9400000016,actuals,2021-11-05
Hoods,1424399.2900000012,actuals,2021-11-05
Washers,1870613.54,actuals,2021-11-05
Dishwashers,2043328.1200000013,actuals,2021-11-05
Refrigerators,1749651.9599999995,actuals,2021-11-05
Wall Ovens,2852690.029999999,actuals,2021-11-05
Freezers,1444614.42,actuals,2021-11-05
Ranges,2027821.0399999989,actuals,2021-11-12
Wall Ovens,2855275.6899999985,actuals,2021-11-12
Dishwashers,2000888.8199999996,actuals,2021-11-12
Washers,1827782.32,actuals,2021-11-12
Wall Ovens,2766434.4599999995,actuals,2021-11-19
Cooktops,3665570.089999998,actuals,2021-11-19
Dishwashers,1957489.6699999992,actuals,2021-11-19
Freezers,1348235.3000000005,actuals,2021-11-19
Washers,1804648.0299999989,actuals,2021-11-19
Hoods,1370829.769999999,actuals,2021-11-19
Refrigerators,10533640.919999983,actuals,2021-11-26
Microwaves,2156462.3600000003,actuals,2021-11-26
Ranges,2217952.6600000006,actuals,2021-11-26
Wall Ovens,2807242.859999999,actuals,2021-11-26
Dryers,1357937.4800000004,actuals,2021-11-26
Cooktops,3982965.080000001,actuals,2021-11-26
Washers,1844296.9999999988,actuals,2021-11-26
Hoods,1330334.5699999994,actuals,2021-11-26
Microwaves,3006516.449999998,actuals,2021-12-03
Refrigerators,2931078.900000002,actuals,2021-12-03
Hoods,1384436.100000001,actuals,2021-12-03
Freezers,1310774.8200000008,actuals,2021-12-03
Dryers,1353289.1000000008,actuals,2021-12-03
Washers,1853046.3799999992,actuals,2021-12-03
Cooktops,3727640.36,actuals,2021-12-10
Ranges,2099628.1300000013,actuals,2021-12-10
Microwaves,2800808.560000001,actuals,2021-12-10
Refrigerators,2757243.349999998,actuals,2021-12-10
Freezers,1288758.5800000008,actuals,2021-12-10
Dishwashers,2038851.7600000007,actuals,2021-12-10
Hoods,1448045.71,actuals,2021-12-10
Refrigerators,3892696.4000000022,actuals,2021-12-17
Wall Ovens,2909748.1300000013,actuals,2021-12-17
Dryers,1460340.9900000002,actuals,2021-12-17
Cooktops,4203774.330000003,actuals,2021-12-24
Refrigerators,6020196.0299999975,actuals,2021-12-24
Ranges,2605302.4399999985,actuals,2021-12-24
Freezers,1313690.01,actuals,2021-12-24
Dryers,1514601.65,actuals,2021-12-24
Washers,2657428.050000002,actuals,2021-12-24
Hoods,1773763.6400000015,actuals,2021-12-24
Microwaves,2482261.86,actuals,2021-12-24
Cooktops,2624151.620000001,actuals,2021-12-31
Freezers,1188854.3699999996,actuals,2021-12-31
Ranges,1743436.3500000003,actuals,2021-12-31
Microwaves,2454954.85,actuals,2021-12-31
Wall Ovens,2484164.7800000003,actuals,2021-12-31
Hoods,1186153.9100000006,actuals,2021-12-31
Dryers,1215826.9600000004,actuals,2021-12-31
Washers,1545570.4999999988,actuals,2021-12-31
Freezers,1398554.61,actuals,2022-01-07
Cooktops,3536572.409999998,actuals,2022-01-07
Ranges,2042736.5099999984,actuals,2022-01-07
Washers,1799906.2900000012,actuals,2022-01-07
Microwaves,3219845.429999998,actuals,2022-01-07
Dishwashers,2147509.370000002,actuals,2022-01-07
Hoods,1322007.8600000006,actuals,2022-01-07
Dryers,1647214.2400000014,actuals,2022-01-07
Cooktops,3443153.8800000018,actuals,2022-01-14
Ranges,2053458.9,actuals,2022-01-14
Refrigerators,1701575.819999999,actuals,2022-01-14
Dryers,1618109.2500000014,actuals,2022-01-14
Microwaves,2836653.3599999985,actuals,2022-01-14
Hoods,1295871.1099999992,actuals,2022-01-14
Washers,1773920.569999999,actuals,2022-01-21
Freezers,1327652.95,actuals,2022-01-21
Refrigerators,1809924.0099999984,actuals,2022-01-21
Cooktops,3271934.350000003,actuals,2022-01-21
Wall Ovens,2864509.859999999,actuals,2022-01-21
Dryers,1558120.3300000003,actuals,2022-01-21
Dishwashers,2034114.3999999985,actuals,2022-01-21
Ranges,1900881.460000001,actuals,2022-01-28
Cooktops,3044345.8700000006,actuals,2022-01-28
Refrigerators,1967208.130000001,actuals,2022-01-28
Washers,1682712.979999999,actuals,2022-01-28
Freezers,1230893.7699999996,actuals,2022-01-28
Wall Ovens,2743236.2100000014,actuals,2022-01-28
Microwaves,2742795.4699999983,actuals,2022-01-28
Cooktops,3672861.959999997,actuals,2022-02-04
Refrigerators,2702467.389999999,actuals,2022-02-04
Freezers,1348149.5199999998,actuals,2022-02-04
Washers,1853050.8799999985,actuals,2022-02-04
Dishwashers,2086969.4500000004,actuals,2022-02-04
Microwaves,2799323.710000001,actuals,2022-02-04
Ranges,2077707.9100000013,actuals,2022-02-11
Cooktops,3538141.62,actuals,2022-02-11
Wall Ovens,3079634.679999999,actuals,2022-02-11
Hoods,1355507.0699999998,actuals,2022-02-11
Washers,1904078.62,actuals,2022-02-11
Dryers,1678446.0400000012,actuals,2022-02-11
Hoods,1369308.7499999993,actuals,2022-02-18
Dryers,1546712.9399999997,actuals,2022-02-18
Refrigerators,2892310.1300000013,actuals,2022-02-18
Cooktops,3258997.879999998,actuals,2022-02-18
Freezers,1396695.6799999997,actuals,2022-02-18
Wall Ovens,2890866.27,actuals,2022-02-18
Microwaves,2835776.3299999987,actuals,2022-02-18
Dishwashers,2156738.520000001,actuals,2022-02-18
Ranges,1991469.5199999989,actuals,2022-02-18
Washers,1995935.459999999,actuals,2022-02-18
Dryers,1493914.599999999,actuals,2022-02-25
Hoods,1318392.500000001,actuals,2022-02-25
Freezers,1412626.2299999995,actuals,2022-02-25
Dishwashers,2078314.7199999995,actuals,2022-02-25
Cooktops,3130285.0700000008,actuals,2022-02-25
Microwaves,2766755.779999999,actuals,2022-02-25
Refrigerators,2591260.960000002,actuals,2022-02-25
Washers,1924869.4300000009,actuals,2022-02-25
Hoods,1405156.6699999997,actuals,2022-03-04
Dishwashers,2188200.89,actuals,2022-03-04
Cooktops,3432805.9000000004,actuals,2022-03-04
Refrigerators,2633098.1299999994,actuals,2022-03-04
Microwaves,3022327.0799999987,actuals,2022-03-04
Ranges,2065558.8000000007,actuals,2022-03-04
Washers,2044729.77,actuals,2022-03-04
Dryers,1519244.6399999987,actuals,2021-11-05
Hoods,1304685.2799999998,actuals,2022-03-11
Dryers,1619642.060000001,actuals,2022-03-11
Microwaves,2854718.15,actuals,2022-03-11
Washers,1903723.5800000003,actuals,2022-03-11
Freezers,1351094.2899999989,actuals,2022-03-11
Hoods,1315121.4000000006,actuals,2022-03-18
Refrigerators,1984052.3,actuals,2022-03-18
Wall Ovens,3055298.76,actuals,2022-03-18
Freezers,1359488.109999999,actuals,2022-03-18
Washers,1908655.1499999987,actuals,2022-03-18
Ranges,1915915.32,actuals,2022-03-25
Refrigerators,1855468.9599999995,actuals,2022-03-25
Freezers,1316044.939999999,actuals,2022-03-25
Refrigerators,1799803.8299999991,actuals,2022-04-01
Hoods,1320036.8900000008,actuals,2022-04-01
Ranges,1937032.7199999983,actuals,2022-04-01
Cooktops,3083409.37,actuals,2022-04-01
Wall Ovens,2883790.4400000004,actuals,2022-04-01
Hoods,1336494.2900000005,actuals,2022-04-08
Dishwashers,2042282.3700000008,actuals,2022-04-08
Dryers,1657938.569999999,actuals,2022-04-08
Cooktops,3458597.389999998,actuals,2022-04-08
Microwaves,2862015.730000001,actuals,2022-04-08
Washers,1939021.8399999985,actuals,2022-04-08
Freezers,1366392.27,actuals,2022-04-08
Hoods,1298737.7699999996,actuals,2022-04-15
Freezers,1304994.9199999992,actuals,2022-04-15
Refrigerators,1809401.93,actuals,2022-04-15
Wall Ovens,3039989.219999999,actuals,2022-04-15
Cooktops,3229946.21,actuals,2022-04-15
Microwaves,2735846.279999999,actuals,2022-04-15
Dishwashers,1956504.2899999984,actuals,2022-04-15
Ranges,1994317.5899999985,actuals,2022-04-15
Dryers,1514943.970000001,actuals,2022-04-22
Washers,1973286.35,actuals,2022-04-22
Wall Ovens,3060862.39,actuals,2022-04-22
Refrigerators,1832563.960000001,actuals,2022-04-22
Freezers,1332730.939999999,actuals,2022-04-22
Ranges,2122778.490000002,actuals,2022-04-22
Cooktops,2790205.040000001,actuals,2022-04-29
Dishwashers,1861616.060000001,actuals,2022-04-29
Hoods,1248815.2299999993,actuals,2022-04-29
Freezers,1237086.9799999995,actuals,2022-04-29
Refrigerators,1659803.769999999,actuals,2022-04-29
Washers,1810197.7199999988,actuals,2022-04-29
Ranges,1858260.34,actuals,2022-04-29
Microwaves,2668837.66,actuals,2022-04-29
Hoods,1385109.95,actuals,2022-05-06
Cooktops,3392286.66,actuals,2022-05-06
Dishwashers,2047752.669999998,actuals,2022-05-06
Microwaves,2954401.6400000006,actuals,2022-05-06
Refrigerators,1748952.4599999995,actuals,2022-05-06
Hoods,1281818.39,actuals,2022-05-13
Wall Ovens,3144828.9700000007,actuals,2022-05-13
Dryers,1495469.5400000012,actuals,2022-05-13
Washers,1833291.86,actuals,2022-05-13
Ranges,1949314.4499999995,actuals,2022-05-13
Freezers,1333835.1199999994,actuals,2022-05-20
Dryers,1496186.980000001,actuals,2022-05-20
Microwaves,2755940.680000001,actuals,2022-05-20
Hoods,1339688.2600000007,actuals,2022-05-20
Refrigerators,1605181.9499999993,actuals,2022-05-20
Washers,1901289.7199999983,actuals,2022-05-20
Ranges,1957835.3400000008,actuals,2022-05-20
Cooktops,3136141.89,actuals,2022-05-20
Hoods,1349079.3000000007,actuals,2022-05-27
Washers,1903197.61,actuals,2022-05-27
Dishwashers,1904105.2900000007,actuals,2022-05-27
Dryers,1367611.7899999989,actuals,2022-05-27
Ranges,1913094.869999999,actuals,2022-05-27
Microwaves,2637814.1299999985,actuals,2022-06-03
Dishwashers,1944335.449999999,actuals,2022-06-03
Dryers,1467341.5000000012,actuals,2022-06-03
Wall Ovens,3416366.22,actuals,2022-06-03
Washers,1995935.920000001,actuals,2022-06-03
Dishwashers,1955637.8899999992,actuals,2022-06-10
Ranges,2025549.5900000017,actuals,2022-06-10
Dryers,1618636.6199999992,actuals,2022-06-10
Hoods,1342549.2100000004,actuals,2022-06-10
Freezers,1331832.0199999996,actuals,2022-06-10
Wall Ovens,3491710.12,actuals,2022-06-10
Dishwashers,1937126.38,actuals,2022-06-17
Ranges,2009204.7500000007,actuals,2022-06-17
Freezers,1323248.5800000003,actuals,2022-06-17
Cooktops,3207409.3599999994,actuals,2022-06-17
Wall Ovens,3452812.320000002,actuals,2022-06-17
Washers,1984413.2200000004,actuals,2022-06-17
Dishwashers,1877239.0800000008,actuals,2022-06-24
Ranges,1909655.200000001,actuals,2022-06-24
Freezers,1288021.8500000008,actuals,2022-06-24
Dryers,1457801.819999999,actuals,2022-07-01
Washers,2025082.0199999984,actuals,2022-07-01
Cooktops,3169679.340000003,actuals,2022-07-01
Microwaves,2799811.2100000014,actuals,2022-07-01
Ranges,2009145.7199999983,actuals,2022-07-01
Wall Ovens,3490542.569999998,actuals,2022-07-01
Cooktops,3368886.3600000027,actuals,2022-07-08
Refrigerators,1652615.8900000006,actuals,2022-07-08
Ranges,2061990.639999999,actuals,2022-07-08
Dryers,1575768.89,actuals,2022-07-08
Washers,2011695.4399999983,actuals,2022-07-08
Wall Ovens,3580339.8900000025,actuals,2022-07-08
Microwaves,2734441.780000001,actuals,2022-07-15
Refrigerators,1576981.42,actuals,2022-07-15
Ranges,2019037.230000001,actuals,2022-07-15
Dishwashers,1894941.85,actuals,2022-07-15
Dryers,1558581.480000001,actuals,2022-07-15
Freezers,1357140.510000001,actuals,2022-07-15
Cooktops,3049986.8799999976,actuals,2022-07-22
Washers,2020007.6699999997,actuals,2022-07-22
Ranges,1965143.5499999989,actuals,2022-07-22
Microwaves,2588606.109999998,actuals,2022-07-22
Freezers,1362110.460000001,actuals,2022-07-22
Hoods,1305363.0799999991,actuals,2022-07-22
Wall Ovens,3378955.4299999992,actuals,2022-07-22
Dishwashers,1866638.960000001,actuals,2022-07-22
Cooktops,2963044.89,actuals,2022-07-29
Refrigerators,1656796.2500000005,actuals,2022-07-29
Microwaves,2631124.8899999987,actuals,2022-07-29
Ranges,1908539.1200000024,actuals,2022-07-29
Washers,1978010.96,actuals,2022-07-29
Wall Ovens,3204515.8000000003,actuals,2022-07-29
Cooktops,3475954.9000000004,actuals,2022-08-05
Ranges,2130231.1299999985,actuals,2022-08-05
Freezers,1468287.1899999997,actuals,2022-08-05
Wall Ovens,3489024.06,actuals,2022-08-05
Dishwashers,1900644.2,actuals,2022-08-12
Hoods,1290362.5399999996,actuals,2022-08-12
Dryers,1586241.0700000008,actuals,2022-08-12
Ranges,2085525.030000002,actuals,2022-08-12
Hoods,1308058.9799999995,actuals,2022-08-19
Dryers,1502584.7000000004,actuals,2022-08-19
Microwaves,2690802.57,actuals,2022-08-19
Washers,2099590.33,actuals,2022-08-19
Ranges,2072240.8399999987,actuals,2022-08-19
Cooktops,3271764.8499999973,actuals,2022-08-19
Wall Ovens,3273055.8800000027,actuals,2022-08-19
Dryers,1453320.769999999,actuals,2022-08-26
Ranges,2121358.2600000016,actuals,2022-08-26
Dishwashers,1969790.3400000003,actuals,2022-08-26
Wall Ovens,3485900.29,actuals,2022-08-26
Microwaves,2772833.91,actuals,2022-09-02
Dryers,1438199.7299999984,actuals,2022-09-02
Refrigerators,1858389.1199999992,actuals,2022-09-02
Freezers,1440919.9900000005,actuals,2022-09-02
Microwaves,2602305.450000001,actuals,2022-09-09
Ranges,2228404.219999999,actuals,2022-09-09
Refrigerators,1851735.7999999989,actuals,2022-09-09
Dishwashers,1979136.950000001,actuals,2022-09-09
Wall Ovens,3343593.5099999984,actuals,2022-09-09
Hoods,1341687.7599999988,actuals,2022-09-09
Cooktops,3398824.2400000016,actuals,2022-09-16
Microwaves,2818436.64,actuals,2022-09-16
Dryers,1539665.7600000002,actuals,2022-09-16
Refrigerators,1779105.1600000004,actuals,2022-09-16
Hoods,1314721.4300000002,actuals,2022-09-16
Washers,1903111.4199999983,actuals,2022-09-16
Refrigerators,1690879.0499999998,actuals,2022-09-23
Washers,1876513.179999999,actuals,2022-09-23
Dryers,1373311.8900000004,actuals,2022-09-30
Refrigerators,1692134.9300000004,actuals,2022-09-30
Dishwashers,1938117.97,actuals,2022-09-30
Wall Ovens,2982521.5799999987,actuals,2022-09-30
Microwaves,2847994.909999999,actuals,2022-10-07
Dishwashers,2022973.320000002,actuals,2022-04-01
Refrigerators,1573067.8,actuals,2022-06-03
Freezers,1492465.090000001,actuals,2022-09-09
Hoods,1322682.4400000006,actuals,2022-09-30
Wall Ovens,3021999.979999998,actuals,2022-03-11
Dishwashers,1952183.6799999992,actuals,2022-09-16
Freezers,1404332.7600000007,actuals,2022-09-16
Hoods,1299283.38,actuals,2022-09-02
Washers,2037339.9200000009,actuals,2022-09-09
Hoods,1398563.3599999996,actuals,2022-10-07
Dishwashers,2062571.700000001,actuals,2022-10-07
Wall Ovens,3288689.359999998,actuals,2022-10-07
Washers,1988546.44,actuals,2022-10-07
Ranges,2145160.859999999,actuals,2022-10-14
Microwaves,2770818.990000001,actuals,2022-10-14
Dryers,1574910.9899999993,actuals,2022-10-14
Cooktops,3426960.309999999,actuals,2022-10-21
Microwaves,2701152.0300000007,actuals,2022-10-21
Hoods,1351021.2799999998,actuals,2022-10-21
Ranges,2098165.97,actuals,2022-10-21
Washers,1885925.9599999983,actuals,2022-10-21
Wall Ovens,3029088.4300000006,actuals,2022-10-21
Refrigerators,2207226.8799999985,actuals,2022-10-28
Dryers,1408282.3499999994,actuals,2022-10-28
Ranges,2080516.7799999984,actuals,2022-10-28
Hoods,1345712.4499999993,actuals,2022-10-28
Washers,1840577.8499999987,actuals,2022-10-28
Ranges,2188725.7300000014,actuals,2022-11-04
Cooktops,3765538.270000002,actuals,2022-11-04
Wall Ovens,2976050.7100000004,actuals,2022-11-04
Hoods,1423316.54,actuals,2022-11-04
Ranges,2248396.62,actuals,2022-11-11
Cooktops,3985154.49,actuals,2022-11-11
Hoods,1409019.1599999988,actuals,2022-11-11
Microwaves,2819469.440000001,actuals,2022-11-11
Dishwashers,2029407.99,actuals,2022-11-11
Dryers,1604523.789999999,actuals,2022-11-11
Freezers,1389636.4,actuals,2022-11-11
Cooktops,3948286.219999999,actuals,2022-11-18
Dishwashers,1969011.5900000003,actuals,2022-11-18
Microwaves,2795641.060000001,actuals,2022-11-18
Ranges,2209558.7100000004,actuals,2022-11-18
Refrigerators,2137522.15,actuals,2022-11-18
Hoods,1340054.0899999994,actuals,2022-11-18
Washers,1874553.6799999992,actuals,2022-11-18
Freezers,1323866.659999999,actuals,2022-11-18
Microwaves,2254251.9699999983,actuals,2022-11-25
Dryers,1403363.789999999,actuals,2022-11-25
Refrigerators,10089704.42000001,actuals,2022-11-25
Dishwashers,2046465.280000002,actuals,2022-12-02
Refrigerators,2404798.99,actuals,2022-12-02
Dryers,1373897.1199999996,actuals,2022-12-02
Freezers,1311529.37,actuals,2022-12-02
Hoods,1388861.8899999997,actuals,2022-12-02
Cooktops,4092922.709999997,actuals,2022-12-09
Microwaves,2911782.049999997,actuals,2022-12-09
Wall Ovens,3030198.7299999995,actuals,2022-12-09
Hoods,1453529.6600000004,actuals,2022-12-09
Washers,2048680.7699999984,actuals,2022-12-09
Microwaves,2838249.599999999,actuals,2022-12-16
Wall Ovens,3062988.39,actuals,2022-12-16
Hoods,1484397.439999999,actuals,2022-12-16
Dryers,1516212.4200000002,actuals,2022-12-16
Freezers,1258636.4200000004,actuals,2022-12-16
Washers,2282396.9,actuals,2022-12-16
Hoods,1327039.7400000002,actuals,2022-10-14
Dishwashers,1819597.8200000008,actuals,2022-11-25
Freezers,1400536.6199999992,actuals,2022-11-04
Dryers,1503572.440000001,actuals,2022-11-18
Ranges,2066288.8099999996,actuals,2022-12-02
Wall Ovens,2925289.829999998,actuals,2022-10-28
Wall Ovens,2895168.719999998,actuals,2022-11-18
Ranges,2452338.230000001,actuals,2022-11-25
Dishwashers,2209307.6299999994,actuals,2023-02-10
Wall Ovens,3091855.680000001,actuals,2023-04-13
Hoods,1307035.8399999992,actuals,2023-04-13
Dryers,1755822.240000001,actuals,2021-02-05
Hoods,1375373.29,actuals,2021-02-12
Cooktops,3443837.2999999984,actuals,2021-02-12
Cooktops,3312991.710000001,actuals,2021-02-19
Ranges,2005670.829999999,actuals,2021-03-05
Hoods,1438268.859999999,actuals,2021-04-02
Freezers,1301984.419999999,actuals,2021-05-14
Washers,1954877.5900000008,actuals,2021-05-21
Wall Ovens,3438618.2400000007,actuals,2021-06-25
Refrigerators,1750923.7900000005,actuals,2021-07-16
Hoods,1316028.410000001,actuals,2021-07-23
Dryers,1437634.229999999,actuals,2021-07-23
Ranges,1850685.8700000013,actuals,2021-07-23
Cooktops,2918442.619999998,actuals,2021-07-23
Freezers,1419875.0000000007,actuals,2021-07-23
Refrigerators,1706627.7699999989,actuals,2021-07-23
Microwaves,2554808.8000000017,actuals,2021-07-23
Washers,2038851.6099999987,actuals,2021-07-30
Ranges,1920166.5099999995,actuals,2021-09-17
Freezers,1420920.0100000012,actuals,2021-09-17
Wall Ovens,2944247.299999998,actuals,2021-09-24
Washers,1875950.5100000005,actuals,2021-09-24
Hoods,1337173.5300000005,actuals,2021-10-01
Dryers,1596206.0300000007,actuals,2021-10-08
Freezers,1484751.0600000008,actuals,2021-10-08
Washers,1833936.1399999992,actuals,2021-10-15
Cooktops,3118517.090000001,actuals,2021-10-22
Refrigerators,1796398.9900000002,actuals,2021-11-19
Dishwashers,1817977.0200000007,actuals,2021-11-26
Washers,2120921.88,actuals,2021-12-17
Refrigerators,1868602.7899999996,actuals,2022-01-07
Washers,1701879.1,actuals,2022-01-14
Microwaves,2780393.8200000017,actuals,2022-01-21
Dryers,1428835.37,actuals,2022-01-28
Dishwashers,1995856.1200000008,actuals,2022-01-28
Dishwashers,2151851.9999999995,actuals,2022-02-11
Microwaves,2854532.3000000007,actuals,2022-02-11
Dryers,1620397.1500000013,actuals,2022-03-04
Microwaves,2585634.79,actuals,2021-08-20
Cooktops,3248935.330000001,actuals,2022-03-18
Hoods,1294576.500000001,actuals,2022-03-25
Dishwashers,2019366.699999999,actuals,2022-03-25
Microwaves,2677555.150000002,actuals,2022-03-25
Cooktops,3284953.86,actuals,2022-04-22
Dishwashers,1970814.6799999983,actuals,2022-04-22
Microwaves,2651489.9200000004,actuals,2022-04-22
Freezers,1384971.539999999,actuals,2022-05-06
Dryers,1608618.8199999984,actuals,2022-05-06
Microwaves,2705229.529999999,actuals,2022-05-13
Cooktops,2982491.9200000027,actuals,2022-05-27
Refrigerators,1902397.59,actuals,2022-06-17
Hoods,1350708.76,actuals,2022-06-17
Microwaves,2648983.51,actuals,2022-06-24
Washers,2012252.309999999,actuals,2022-07-15
Wall Ovens,3395102.2299999967,actuals,2022-07-15
Dishwashers,1847980.690000001,actuals,2022-07-29
Dishwashers,1967323.100000001,actuals,2022-08-05
Washers,2024573.829999999,actuals,2022-08-12
Dishwashers,1918812.7500000005,actuals,2022-08-19
Freezers,1465269.3099999994,actuals,2022-08-19
Microwaves,2652287.3700000006,actuals,2022-08-26
Wall Ovens,3309862.9399999985,actuals,2022-09-02
Ranges,2028506.7600000012,actuals,2022-09-23
Wall Ovens,3005697.2800000007,actuals,2022-09-23
Ranges,2008523.9999999984,actuals,2022-09-30
Freezers,1373368.14,actuals,2022-09-30
Freezers,1381967.2099999995,actuals,2022-06-03
Cooktops,3254316.759999998,actuals,2022-09-02
Cooktops,3554574.410000001,actuals,2022-10-14
Dryers,1488245.4699999995,actuals,2022-10-21
Dishwashers,1991180.3100000003,actuals,2022-11-04
Cooktops,3413393.1299999976,actuals,2022-12-02
Microwaves,3091315.710000001,actuals,2022-12-02
Refrigerators,2558351.939999998,actuals,2022-12-09
Dryers,1635006.6199999996,actuals,2022-12-09
Cooktops,4093797.8200000008,actuals,2022-12-16
Washers,1917861.3,actuals,2022-11-25
Refrigerators,1715969.1899999992,actuals,2021-04-30
Hoods,1292252.460000001,actuals,2021-07-09
Refrigerators,3034799.9800000014,actuals,2021-02-19
Cooktops,3158465.3600000027,actuals,2021-06-04
Ranges,1910085.0199999984,actuals,2021-06-04
Dryers,1393128.8800000004,actuals,2021-06-25
Washers,2038898.9299999997,actuals,2021-07-23
Dishwashers,1919428.069999999,actuals,2021-08-13
Microwaves,2561186.780000002,actuals,2021-09-10
Wall Ovens,3254244.639999999,actuals,2021-12-24
Dryers,1740506.4399999992,actuals,2022-02-04
Freezers,1336601.2000000002,actuals,2022-07-29
Ranges,2033884.9900000016,actuals,2022-03-11
Dishwashers,2077243.9400000009,actuals,2022-03-11
Refrigerators,1834547.8599999985,actuals,2022-04-08
Wall Ovens,3130019.9000000004,actuals,2022-04-08
Cooktops,2960337.45,actuals,2022-06-24
Dryers,1369965.7700000012,actuals,2022-07-29
Refrigerators,1856680.449999999,actuals,2022-08-05
Hoods,1318152.719999999,actuals,2022-09-23
Washers,1859700.1999999983,actuals,2022-10-14
Dishwashers,1936450.67,actuals,2022-10-28
Microwaves,2902575.799999999,actuals,2022-11-04
Dishwashers,2075148.6500000015,actuals,2022-12-16
Dishwashers,1920671.8199999984,actuals,2021-07-30
Freezers,1411341.5600000003,actuals,2021-08-13
Cooktops,3211755.9199999985,actuals,2021-08-13
Wall Ovens,2848487.070000001,actuals,2022-01-14
Freezers,1387912.6199999994,actuals,2021-11-12
Dishwashers,2041276.9499999988,actuals,2021-12-03
Refrigerators,1568919.1999999988,actuals,2022-05-27
Washers,1962504.609999999,actuals,2022-06-10
Microwaves,2674134.839999997,actuals,2022-08-12
Refrigerators,1788250.950000001,actuals,2022-08-12
Dryers,1615742.5799999996,actuals,2022-09-09
Dishwashers,1939607.29,actuals,2021-10-15
Ranges,1889344.2100000011,actuals,2021-12-03
Ranges,2120773.3699999987,actuals,2021-12-17
Washers,1875052.2700000007,actuals,2022-09-30
Ranges,1975953.3299999991,actuals,2022-06-03
Cooktops,3655352.589999998,actuals,2022-09-09
Cooktops,3216237.5199999986,actuals,2022-09-23
Ranges,1878963.5199999996,actuals,2021-04-16
Cooktops,3724108.889999999,actuals,2021-12-17
Microwaves,2597032.1500000004,actuals,2021-10-15
Refrigerators,1844308.970000001,actuals,2022-06-24
Washers,1883416.84,actuals,2022-04-15
Microwaves,2694770.810000001,actuals,2022-09-23
Dryers,1713779.3599999992,actuals,2022-10-07
Freezers,1493280.06,actuals,2022-10-07
Cooktops,3355012.379999999,actuals,2022-10-28
Refrigerators,1590749.2199999995,actuals,2021-05-21
Dryers,1457231.5100000012,actuals,2021-11-19
Cooktops,3165079.240000001,actuals,2022-09-30
Dryers,1434119.0299999996,actuals,2022-03-25
Ranges,1924852.6899999988,actuals,2021-08-13
Wall Ovens,2877009.6299999985,actuals,2022-03-25
Dryers,1727740.559999999,actuals,2023-04-06
Ranges,2031157.1499999992,actuals,2021-02-12
Ranges,1976215.64,actuals,2021-02-19
Hoods,1367537.1699999992,actuals,2021-02-26
Freezers,1348626.800000001,actuals,2021-03-19
Microwaves,2704991.219999999,actuals,2021-03-26
Cooktops,2889255.670000002,actuals,2021-04-30
Microwaves,2648574.680000002,actuals,2021-05-21
Microwaves,2690655.9299999992,actuals,2021-05-28
Dryers,1504883.9699999995,actuals,2021-06-04
Wall Ovens,3560241.239999999,actuals,2021-06-11
Freezers,1419848.150000001,actuals,2021-06-11
Hoods,1340481.5699999994,actuals,2021-06-18
Hoods,1398568.519999999,actuals,2021-07-02
Microwaves,2764356.999999999,actuals,2021-07-02
Ranges,1919239.650000001,actuals,2021-07-09
Ranges,1903548.79,actuals,2021-07-16
Microwaves,2599254.220000002,actuals,2021-07-30
Ranges,1802612.9800000011,actuals,2021-07-30
Ranges,1893495.099999999,actuals,2021-08-20
Hoods,1274970.190000001,actuals,2021-08-27
Ranges,1855977.1599999997,actuals,2021-08-27
Dishwashers,1939868.029999999,actuals,2021-08-27
Wall Ovens,3143805.760000001,actuals,2021-08-27
Washers,2117039.29,actuals,2021-09-03
Cooktops,3018358.97,actuals,2021-10-01
Refrigerators,1663165.5599999998,actuals,2021-10-01
Refrigerators,1626128.3000000007,actuals,2021-10-15
Dryers,1406421.3300000003,actuals,2021-10-22
Washers,1847370.3900000008,actuals,2021-10-22
Wall Ovens,2876242.459999999,actuals,2021-10-22
Microwaves,2643442.1500000013,actuals,2021-10-22
Microwaves,2634471.9200000023,actuals,2021-10-29
Cooktops,3530982.339999997,actuals,2021-11-05
Microwaves,2825472.789999998,actuals,2021-11-05
Microwaves,2658547.590000001,actuals,2021-11-12
Dryers,1535908.1799999988,actuals,2021-11-12
Ranges,2001762.0,actuals,2021-11-19
Cooktops,3216974.969999998,actuals,2021-12-03
Washers,1968591.5300000007,actuals,2021-12-10
Dryers,1566066.3100000003,actuals,2021-12-10
Refrigerators,2119786.559999999,actuals,2021-12-31
Dishwashers,1949041.5500000005,actuals,2021-12-31
Dishwashers,2001491.6099999985,actuals,2022-01-14
Hoods,1309732.2200000002,actuals,2022-01-21
Refrigerators,2889704.0000000005,actuals,2022-02-11
Freezers,1313155.8799999997,actuals,2022-02-11
Wall Ovens,2834161.940000001,actuals,2022-02-25
Wall Ovens,2971556.859999998,actuals,2021-10-15
Freezers,1492685.9599999995,actuals,2022-03-04
Refrigerators,2206184.000000002,actuals,2022-03-11
Cooktops,3400733.050000001,actuals,2022-03-11
Dryers,1543271.630000001,actuals,2022-03-18
Ranges,1993984.4100000008,actuals,2022-03-18
Washers,1870694.5099999995,actuals,2022-03-25
Microwaves,2908079.5999999978,actuals,2022-04-01
Washers,1875748.5200000005,actuals,2022-04-01
Freezers,1331022.900000001,actuals,2022-04-01
Wall Ovens,2783020.4099999983,actuals,2022-04-29
Dryers,1276869.4900000005,actuals,2022-04-29
Washers,1940981.499999999,actuals,2022-05-06
Wall Ovens,3181896.5099999984,actuals,2022-05-06
Ranges,2052247.5200000016,actuals,2022-05-06
Freezers,1255405.3899999992,actuals,2022-05-13
Dishwashers,1934214.4100000013,actuals,2022-05-13
Cooktops,3101748.9600000004,actuals,2022-05-13
Dishwashers,1960085.7699999984,actuals,2022-05-20
Wall Ovens,3098342.9400000013,actuals,2022-05-20
Wall Ovens,3214381.310000001,actuals,2022-05-27
Microwaves,2766931.5200000023,actuals,2022-06-10
Dryers,1558787.7400000012,actuals,2022-06-17
Dryers,1398242.7799999989,actuals,2022-06-24
Hoods,1333790.2299999995,actuals,2022-06-24
Dishwashers,1968493.8900000008,actuals,2022-07-01
Refrigerators,1651031.2599999998,actuals,2022-07-01
Microwaves,2553154.470000002,actuals,2022-07-08
Hoods,1323570.0200000007,actuals,2022-07-08
Cooktops,3355461.1700000023,actuals,2022-08-12
Freezers,1375193.0499999996,actuals,2022-08-12
Refrigerators,1919840.8500000003,actuals,2022-08-19
Hoods,1337300.149999999,actuals,2022-08-26
Freezers,1489255.54,actuals,2022-08-26
Refrigerators,1886285.23,actuals,2022-08-26
Dishwashers,1909128.6000000013,actuals,2022-09-02
Ranges,2119764.51,actuals,2022-09-16
Dishwashers,1954775.3099999996,actuals,2022-09-23
Microwaves,2774948.009999997,actuals,2022-09-30
Ranges,2303144.07,actuals,2022-10-07
Washers,1932495.5900000008,actuals,2022-06-24
Wall Ovens,3282218.699999999,actuals,2022-06-24
Hoods,1308394.5299999989,actuals,2022-07-15
Washers,1997245.3300000003,actuals,2022-09-02
Dishwashers,1929663.1400000008,actuals,2022-10-14
Freezers,1386577.5299999998,actuals,2022-10-14
Dishwashers,1957107.1900000004,actuals,2022-10-21
Refrigerators,2484128.729999998,actuals,2022-11-04
Wall Ovens,2995654.57,actuals,2022-11-11
Refrigerators,2392173.829999998,actuals,2022-11-11
Ranges,2304980.0500000007,actuals,2022-12-09
Freezers,1313116.1200000008,actuals,2022-11-25
Dryers,1537326.33,actuals,2021-04-16
Hoods,1308281.3100000003,actuals,2021-05-14
Washers,1887216.7800000007,actuals,2021-10-01
Freezers,1370277.2299999993,actuals,2021-10-22
Refrigerators,1608970.5300000014,actuals,2021-10-29
Freezers,1314453.3300000008,actuals,2021-11-26
Freezers,1251816.7999999998,actuals,2021-12-17
Microwaves,2695137.529999998,actuals,2021-12-17
Wall Ovens,2777088.5799999987,actuals,2022-01-07
Wall Ovens,3111786.4000000022,actuals,2022-02-04
Dryers,1555390.520000001,actuals,2022-04-15
Hoods,1343899.119999999,actuals,2022-04-22
Refrigerators,1647012.5399999986,actuals,2022-05-13
Hoods,1288557.2799999989,actuals,2022-07-29
Microwaves,2824319.9199999995,actuals,2022-08-05
Wall Ovens,3391257.700000001,actuals,2022-08-12
Cooktops,3387528.29,actuals,2022-08-26
Refrigerators,1794747.1700000006,actuals,2022-10-07
Hoods,1371599.8999999987,actuals,2022-06-03
Freezers,1342441.5699999994,actuals,2022-10-28
Wall Ovens,2722229.420000002,actuals,2022-12-02
Dishwashers,2021580.5299999984,actuals,2021-04-30
Ranges,1801849.86,actuals,2021-06-25
Dishwashers,1936754.6200000015,actuals,2021-07-23
Cooktops,3615576.32,actuals,2021-11-12
Wall Ovens,3087136.6100000013,actuals,2022-03-04
Microwaves,2656503.9900000007,actuals,2022-05-27
Dishwashers,2039199.2699999984,actuals,2021-12-17
Cooktops,3308362.0599999977,actuals,2022-06-10
Freezers,1293437.9400000002,actuals,2022-12-09
Hoods,1375659.11,actuals,2021-11-12
Refrigerators,2450110.7000000007,actuals,2021-11-12
Cooktops,3075562.0200000023,actuals,2021-08-20
Hoods,1311549.159999999,actuals,2022-11-25
Dishwashers,2218429.259999999,actuals,2023-03-09
Freezers,1491829.0700000012,actuals,2021-08-20
Cooktops,2942047.849999998,actuals,2021-09-24
Ranges,1850493.7400000007,actuals,2021-10-01
Dishwashers,2031890.83,actuals,2021-10-08
Ranges,1916621.9999999984,actuals,2021-10-15
Cooktops,3228948.6400000025,actuals,2021-10-15
Microwaves,2644417.830000001,actuals,2021-11-19
Wall Ovens,2888661.279999999,actuals,2021-12-10
Freezers,1284522.129999999,actuals,2022-01-14
Ranges,2087421.299999999,actuals,2022-04-08
Refrigerators,1543060.0399999998,actuals,2022-06-10
Microwaves,2671492.8299999987,actuals,2022-06-17
Freezers,1382483.499999999,actuals,2022-07-01
Dishwashers,1902643.0599999984,actuals,2022-07-08
Freezers,1370737.9899999993,actuals,2022-07-08
Refrigerators,1670085.15,actuals,2022-07-22
Ranges,2075743.0600000012,actuals,2022-09-02
Wall Ovens,3151942.4199999995,actuals,2022-09-16
Wall Ovens,3081140.7800000003,actuals,2022-10-14
Freezers,1389748.0499999989,actuals,2022-10-21
Microwaves,2649584.669999999,actuals,2022-10-28
Dryers,1532786.969999999,actuals,2022-11-04
Washers,1925270.9699999988,actuals,2022-11-11
Dishwashers,2034759.6600000008,actuals,2022-12-09
Ranges,2307007.7699999986,actuals,2022-12-16
Ranges,2199107.5200000005,actuals,2021-02-05
Ranges,2014075.3700000008,actuals,2022-01-21
Hoods,1434306.470000001,actuals,2022-02-04
Washers,2117353.7099999995,actuals,2022-08-05
Hoods,1373645.1799999997,actuals,2022-08-05
Dryers,1614586.969999999,actuals,2022-08-05
Dryers,1432803.75,actuals,2022-09-23
Refrigerators,2414443.229999998,actuals,2022-10-21
Cooktops,4330784.589999999,actuals,2022-11-25
Wall Ovens,3247042.8200000008,actuals,2021-05-21
Wall Ovens,3263317.5299999984,actuals,2021-07-23
Hoods,1306111.9899999995,actuals,2021-09-17
Hoods,1501914.52,actuals,2021-12-17
Ranges,1846486.1599999997,actuals,2021-10-29
Wall Ovens,2628464.570000002,actuals,2021-12-03
Wall Ovens,2902107.279999999,actuals,2022-11-25
Dishwashers,1927726.5300000007,actuals,2021-07-09
Dishwashers,2046378.520000001,actuals,2021-04-16
Ranges,1956634.4299999992,actuals,2022-02-25
Freezers,1315046.4600000002,actuals,2022-05-27
Hoods,1387758.150000001,actuals,2022-07-01
Dryers,1468980.200000001,actuals,2022-07-22
Refrigerators,1762726.359999999,actuals,2022-10-14
Microwaves,2968993.1599999988,actuals,2021-03-05
Cooktops,3290226.5900000017,actuals,2021-04-02
Cooktops,3096905.979999997,actuals,2021-07-16
Dishwashers,1996056.71,actuals,2021-09-10
Cooktops,3034276.259999999,actuals,2021-10-29
Cooktops,3032727.1200000024,actuals,2022-03-25
Washers,1932328.399999999,actuals,2022-12-02
Hoods,1286355.090000001,actuals,2021-08-13
Refrigerators,1829275.1699999988,actuals,2021-09-17
Freezers,1378641.950000001,actuals,2022-09-23
Refrigerators,1796072.610000001,actuals,2021-07-02
Freezers,1519848.869999999,actuals,2021-09-10
Dishwashers,2061069.1599999992,actuals,2022-03-18
Cooktops,3244024.330000002,actuals,2022-07-15
Washers,1901037.6200000013,actuals,2022-11-04
Microwaves,2639910.409999998,actuals,2022-03-18
Cooktops,3881033.6099999975,actuals,2022-10-07
Washers,1957167.6599999997,actuals,2021-04-02
Cooktops,3142744.019999997,actuals,2022-06-03
Washers,2126825.5099999984,actuals,2022-08-26
Dishwashers,2216587.680000001,actuals,2021-12-24
Ranges,2205891.01,actuals,2022-02-04
Hoods,1277978.5699999998,actuals,2022-01-28
Dryers,1462436.4700000002,actuals,2022-04-01
Washers,2012819.580364049,forecasts,2023-04-20
Washers,1942303.846061464,forecasts,2023-04-27
Washers,1975492.621616604,forecasts,2023-05-04
Washers,1888486.5818459697,forecasts,2023-05-11
Washers,1979060.32302372,forecasts,2023-05-18
Washers,2073394.674820004,forecasts,2023-05-25
Washers,2029831.3103321083,forecasts,2023-06-01
Washers,2074810.9360647728,forecasts,2023-06-08
Washers,2078300.325637494,forecasts,2023-06-15
Washers,2013662.4499249957,forecasts,2023-06-22
Washers,2043581.1851796743,forecasts,2023-06-29
Washers,2140323.436305081,forecasts,2023-07-06
Washers,2009125.873486204,forecasts,2023-07-13
Washers,1992977.489930524,forecasts,2023-07-20
Washers,2001585.0683328365,forecasts,2023-07-27
Washers,2032512.223606281,forecasts,2023-08-03
Washers,1993561.07535056,forecasts,2023-08-10
Washers,2046059.752777888,forecasts,2023-08-17
Washers,2124052.146569557,forecasts,2023-08-24
Washers,2038423.0919289736,forecasts,2023-08-31
Washers,2031533.5901565924,forecasts,2023-09-07
Washers,2035994.5500544007,forecasts,2023-09-14
Washers,2013489.623307579,forecasts,2023-09-21
Washers,2004121.6406931367,forecasts,2023-09-28
Washers,1931485.0201493276,forecasts,2023-10-05
Washers,1936287.568865728,forecasts,2023-10-12
Washers,1928797.5603671945,forecasts,2023-10-19
Washers,1868902.095985492,forecasts,2023-10-26
Microwaves,2897335.341623414,forecasts,2023-04-20
Microwaves,2734332.1604557745,forecasts,2023-04-27
Microwaves,3131293.899142674,forecasts,2023-05-04
Microwaves,2864399.756587047,forecasts,2023-05-11
Microwaves,2900957.2833571457,forecasts,2023-05-18
Microwaves,2797056.197275299,forecasts,2023-05-25
Microwaves,2733680.3225755054,forecasts,2023-06-01
Microwaves,2843757.249976989,forecasts,2023-06-08
Microwaves,2822762.7493725466,forecasts,2023-06-15
Microwaves,2763786.7613340053,forecasts,2023-06-22
Microwaves,2776883.1174589763,forecasts,2023-06-29
Microwaves,2861251.832346519,forecasts,2023-07-06
Microwaves,2892641.8529898413,forecasts,2023-07-13
Microwaves,2871511.0009454647,forecasts,2023-07-20
Microwaves,2584476.9936732133,forecasts,2023-07-27
Microwaves,3020715.540868783,forecasts,2023-08-03
Microwaves,2795101.6172014223,forecasts,2023-08-10
Microwaves,2801004.184799539,forecasts,2023-08-17
Microwaves,2622609.1843500948,forecasts,2023-08-24
Microwaves,2756871.305917768,forecasts,2023-08-31
Microwaves,3015485.6982502798,forecasts,2023-09-07
Microwaves,2782266.9094658643,forecasts,2023-09-14
Microwaves,2679814.375347469,forecasts,2023-09-21
Microwaves,2809471.449882009,forecasts,2023-09-28
Microwaves,2893615.8162209,forecasts,2023-10-05
Microwaves,2847127.572263058,forecasts,2023-10-12
Microwaves,2717831.317436869,forecasts,2023-10-19
Microwaves,2527893.824820417,forecasts,2023-10-26
Freezers,1353613.2278865108,forecasts,2023-04-20
Freezers,1253710.7944835222,forecasts,2023-04-27
Freezers,1403816.3464041706,forecasts,2023-05-04
Freezers,1272470.533777458,forecasts,2023-05-11
Freezers,1351968.3227713506,forecasts,2023-05-18
Freezers,1332923.550797953,forecasts,2023-05-25
Freezers,1400755.2131384448,forecasts,2023-06-01
Freezers,1349937.8531956004,forecasts,2023-06-08
Freezers,1341237.4324025698,forecasts,2023-06-15
Freezers,1305531.6303823756,forecasts,2023-06-22
Freezers,1401277.6334638798,forecasts,2023-06-29
Freezers,1389372.062788492,forecasts,2023-07-06
Freezers,1375590.5558180914,forecasts,2023-07-13
Freezers,1380628.1374944048,forecasts,2023-07-20
Freezers,1354771.6661407673,forecasts,2023-07-27
Freezers,1488247.7364882703,forecasts,2023-08-03
Freezers,1393888.3911288667,forecasts,2023-08-10
Freezers,1485189.4451773928,forecasts,2023-08-17
Freezers,1509501.6987535935,forecasts,2023-08-24
Freezers,1460509.4675302866,forecasts,2023-08-31
Freezers,1512754.3142949955,forecasts,2023-09-07
Freezers,1423424.634558909,forecasts,2023-09-14
Freezers,1397383.548505415,forecasts,2023-09-21
Freezers,1392039.2115494125,forecasts,2023-09-28
Freezers,1513581.1929392202,forecasts,2023-10-05
Freezers,1405427.8272936211,forecasts,2023-10-12
Freezers,1408641.5634752978,forecasts,2023-10-19
Freezers,1360691.6369166814,forecasts,2023-10-26
Ranges,2156690.577047749,forecasts,2023-04-20
Ranges,2016489.3085716255,forecasts,2023-04-27
Ranges,2091576.5085487145,forecasts,2023-05-04
Ranges,2075357.1274609717,forecasts,2023-05-11
Ranges,2063712.5510663835,forecasts,2023-05-18
Ranges,2075814.3764412664,forecasts,2023-05-25
Ranges,2040587.9034503188,forecasts,2023-06-01
Ranges,2157040.258062937,forecasts,2023-06-08
Ranges,2173806.792646522,forecasts,2023-06-15
Ranges,2042620.5979442373,forecasts,2023-06-22
Ranges,2058982.7077166156,forecasts,2023-06-29
Ranges,2241412.415783833,forecasts,2023-07-06
Ranges,2092186.9705541008,forecasts,2023-07-13
Ranges,1990491.089472538,forecasts,2023-07-20
Ranges,2069901.6775477328,forecasts,2023-07-27
Ranges,1968780.1392151208,forecasts,2023-08-03
Ranges,2130003.7379763434,forecasts,2023-08-10
Ranges,2058167.9753981235,forecasts,2023-08-17
Ranges,2149479.2474511703,forecasts,2023-08-24
Ranges,2120680.0865506586,forecasts,2023-08-31
Ranges,2151433.693171021,forecasts,2023-09-07
Ranges,2209600.1810049657,forecasts,2023-09-14
Ranges,2103306.095857215,forecasts,2023-09-21
Ranges,2094754.4554092232,forecasts,2023-09-28
Ranges,2149241.4718378964,forecasts,2023-10-05
Ranges,2190005.964794548,forecasts,2023-10-12
Ranges,2196605.2709047124,forecasts,2023-10-19
Ranges,2152435.188521076,forecasts,2023-10-26
Cooktops,3576452.3271538317,forecasts,2023-04-20
Cooktops,3024684.9790972364,forecasts,2023-04-27
Cooktops,3677365.851088748,forecasts,2023-05-04
Cooktops,3362410.4759455603,forecasts,2023-05-11
Cooktops,3399694.098142878,forecasts,2023-05-18
Cooktops,3233132.933199666,forecasts,2023-05-25
Cooktops,3406850.6731981053,forecasts,2023-06-01
Cooktops,3586388.0348417284,forecasts,2023-06-08
Cooktops,3476951.592351972,forecasts,2023-06-15
Cooktops,3209116.898182843,forecasts,2023-06-22
Cooktops,3436050.632043113,forecasts,2023-06-29
Cooktops,3651999.867129172,forecasts,2023-07-06
Cooktops,3516642.01893957,forecasts,2023-07-13
Cooktops,3306299.484047441,forecasts,2023-07-20
Cooktops,3212050.151283,forecasts,2023-07-27
Cooktops,3768063.337822493,forecasts,2023-08-03
Cooktops,3637446.3817874617,forecasts,2023-08-10
Cooktops,3546715.345436459,forecasts,2023-08-17
Cooktops,3672207.155062712,forecasts,2023-08-24
Cooktops,3527800.780634901,forecasts,2023-08-31
Cooktops,3962537.695831871,forecasts,2023-09-07
Cooktops,3684453.324158277,forecasts,2023-09-14
Cooktops,3486521.1017011665,forecasts,2023-09-21
Cooktops,3431063.5766931525,forecasts,2023-09-28
Cooktops,4207183.911240077,forecasts,2023-10-05
Cooktops,3853291.3905687714,forecasts,2023-10-12
Cooktops,3714951.874731635,forecasts,2023-10-19
Cooktops,3636957.294245512,forecasts,2023-10-26
Wall Ovens,3144799.8191849305,forecasts,2023-04-20
Wall Ovens,2981664.808251742,forecasts,2023-04-27
Wall Ovens,3257953.1491925614,forecasts,2023-05-04
Wall Ovens,3294040.813289218,forecasts,2023-05-11
Wall Ovens,3207562.564923498,forecasts,2023-05-18
Wall Ovens,3377296.508042801,forecasts,2023-05-25
Wall Ovens,3467441.416526267,forecasts,2023-06-01
Wall Ovens,3607136.894067003,forecasts,2023-06-08
Wall Ovens,3664391.8150684326,forecasts,2023-06-15
Wall Ovens,3381879.650812072,forecasts,2023-06-22
Wall Ovens,3476885.275395761,forecasts,2023-06-29
Wall Ovens,3837181.828916279,forecasts,2023-07-06
Wall Ovens,3540716.643970291,forecasts,2023-07-13
Wall Ovens,3449100.923418236,forecasts,2023-07-20
Wall Ovens,3437804.206537887,forecasts,2023-07-27
Wall Ovens,3318847.4787900206,forecasts,2023-08-03
Wall Ovens,3513618.254150324,forecasts,2023-08-10
Wall Ovens,3461058.541974036,forecasts,2023-08-17
Wall Ovens,3385290.418442416,forecasts,2023-08-24
Wall Ovens,3326338.2149532707,forecasts,2023-08-31
Wall Ovens,3386323.684746529,forecasts,2023-09-07
Wall Ovens,3379181.2256844933,forecasts,2023-09-14
Wall Ovens,3106131.995367429,forecasts,2023-09-21
Wall Ovens,3049041.7103412445,forecasts,2023-09-28
Wall Ovens,3151855.6425786093,forecasts,2023-10-05
Wall Ovens,3089829.297463397,forecasts,2023-10-12
Wall Ovens,3024027.369915765,forecasts,2023-10-19
Wall Ovens,2929679.963516117,forecasts,2023-10-26
Refrigerators,1788525.4803496844,forecasts,2023-04-20
Refrigerators,1643240.0961262418,forecasts,2023-04-27
Refrigerators,1741735.86834271,forecasts,2023-05-04
Refrigerators,1644205.7231129415,forecasts,2023-05-11
Refrigerators,1604054.3157212764,forecasts,2023-05-18
Refrigerators,1568464.751886801,forecasts,2023-05-25
Refrigerators,1572880.5882032767,forecasts,2023-06-01
Refrigerators,1542983.5611703703,forecasts,2023-06-08
Refrigerators,1902359.9765460184,forecasts,2023-06-15
Refrigerators,1844293.0340380247,forecasts,2023-06-22
Refrigerators,1651025.1054848414,forecasts,2023-06-29
Refrigerators,1652614.5812055627,forecasts,2023-07-06
Refrigerators,1576979.4628806545,forecasts,2023-07-13
Refrigerators,1670085.4539076504,forecasts,2023-07-20
Refrigerators,1656796.4118329128,forecasts,2023-07-27
Refrigerators,1856679.8479942456,forecasts,2023-08-03
Refrigerators,1788250.88842967,forecasts,2023-08-10
Refrigerators,1919840.0949683883,forecasts,2023-08-17
Refrigerators,1886285.2414488292,forecasts,2023-08-24
Refrigerators,1858389.328996466,forecasts,2023-08-31
Refrigerators,1851735.6552968803,forecasts,2023-09-07
Refrigerators,1779104.3758147352,forecasts,2023-09-14
Refrigerators,1690879.350546241,forecasts,2023-09-21
Refrigerators,1692134.3785845144,forecasts,2023-09-28
Refrigerators,1794746.6224593692,forecasts,2023-10-05
Refrigerators,1762725.770964227,forecasts,2023-10-12
Refrigerators,2414443.835542602,forecasts,2023-10-19
Refrigerators,2207226.5984981577,forecasts,2023-10-26
Hoods,1373614.9946515986,forecasts,2023-04-20
Hoods,1332131.8440155513,forecasts,2023-04-27
Hoods,1414262.7262392885,forecasts,2023-05-04
Hoods,1318735.7451358866,forecasts,2023-05-11
Hoods,1371519.3148078658,forecasts,2023-05-18
Hoods,1422453.0081279252,forecasts,2023-05-25
Hoods,1370996.221488347,forecasts,2023-06-01
Hoods,1399919.2116765275,forecasts,2023-06-08
Hoods,1386288.2206066845,forecasts,2023-06-15
Hoods,1341631.454205059,forecasts,2023-06-22
Hoods,1357131.6392294886,forecasts,2023-06-29
Hoods,1424309.9890371554,forecasts,2023-07-06
Hoods,1341604.5854054536,forecasts,2023-07-13
Hoods,1326954.8053119837,forecasts,2023-07-20
Hoods,1335463.2324286057,forecasts,2023-07-27
Hoods,1342263.665968843,forecasts,2023-08-03
Hoods,1332166.145795165,forecasts,2023-08-10
Hoods,1329760.8121748832,forecasts,2023-08-17
Hoods,1357415.1121186183,forecasts,2023-08-24
Hoods,1353077.6078255146,forecasts,2023-08-31
Hoods,1400407.9314851025,forecasts,2023-09-07
Hoods,1398662.1433004215,forecasts,2023-09-14
Hoods,1379466.0076220268,forecasts,2023-09-21
Hoods,1434468.301911299,forecasts,2023-09-28
Hoods,1427889.5986092004,forecasts,2023-10-05
Hoods,1406347.5879337888,forecasts,2023-10-12
Hoods,1424603.4180750889,forecasts,2023-10-19
Hoods,1356652.8469199864,forecasts,2023-10-26
Dishwashers,2043154.418262493,forecasts,2023-04-20
Dishwashers,1929947.555992845,forecasts,2023-04-27
Dishwashers,2122916.058624437,forecasts,2023-05-04
Dishwashers,2005211.366071928,forecasts,2023-05-11
Dishwashers,2032031.568481741,forecasts,2023-05-18
Dishwashers,1973997.310424948,forecasts,2023-05-25
Dishwashers,2015702.9246554952,forecasts,2023-06-01
Dishwashers,2027420.7385385304,forecasts,2023-06-08
Dishwashers,2008229.361350368,forecasts,2023-06-15
Dishwashers,1946143.8025655767,forecasts,2023-06-22
Dishwashers,2040749.4325138812,forecasts,2023-06-29
Dishwashers,1972480.557702639,forecasts,2023-07-06
Dishwashers,1964496.4248632528,forecasts,2023-07-13
Dishwashers,1935154.0958917893,forecasts,2023-07-20
Dishwashers,1915812.6785944349,forecasts,2023-07-27
Dishwashers,2039535.3585533448,forecasts,2023-08-03
Dishwashers,1970408.6699572792,forecasts,2023-08-10
Dishwashers,1989244.3099964147,forecasts,2023-08-17
Dishwashers,2042092.7595645096,forecasts,2023-08-24
Dishwashers,1979203.7690261384,forecasts,2023-08-31
Dishwashers,2051783.025909502,forecasts,2023-09-07
Dishwashers,2023839.198446821,forecasts,2023-09-14
Dishwashers,2026525.726072758,forecasts,2023-09-21
Dishwashers,2009258.085406496,forecasts,2023-09-28
Dishwashers,2138279.1593644344,forecasts,2023-10-05
Dishwashers,2000491.5901928304,forecasts,2023-10-12
Dishwashers,2028942.9734988555,forecasts,2023-10-19
Dishwashers,2007528.5216543144,forecasts,2023-10-26
Dryers,1514944.4360425652,forecasts,2023-04-20
Dryers,1276869.859016297,forecasts,2023-04-27
Dryers,1608619.440877194,forecasts,2023-05-04
Dryers,1495469.5876278854,forecasts,2023-05-11
Dryers,1496187.1337580665,forecasts,2023-05-18
Dryers,1367611.4084836892,forecasts,2023-05-25
Dryers,1467342.0095289666,forecasts,2023-06-01
Dryers,1618635.9479659514,forecasts,2023-06-08
Dryers,1558788.4474275447,forecasts,2023-06-15
Dryers,1398243.3714016494,forecasts,2023-06-22
Dryers,1457801.4942876557,forecasts,2023-06-29
Dryers,1575769.2680050745,forecasts,2023-07-06
Dryers,1558581.826988249,forecasts,2023-07-13
Dryers,1468980.1819683593,forecasts,2023-07-20
Dryers,1369966.3112223635,forecasts,2023-07-27
Dryers,1614587.3906607432,forecasts,2023-08-03
Dryers,1586240.649478061,forecasts,2023-08-10
Dryers,1502584.6120700096,forecasts,2023-08-17
Dryers,1453320.61034007,forecasts,2023-08-24
Dryers,1438199.6208719297,forecasts,2023-08-31
Dryers,1615742.6466577814,forecasts,2023-09-07
Dryers,1539665.9488761828,forecasts,2023-09-14
Dryers,1432804.3927250942,forecasts,2023-09-21
Dryers,1373312.4222912034,forecasts,2023-09-28
Dryers,1713779.6436624588,forecasts,2023-10-05
Dryers,1574911.419538139,forecasts,2023-10-12
Dryers,1488244.8978836918,forecasts,2023-10-19
Dryers,1408282.9252676568,forecasts,2023-10-26
